frame_number,src_addr,dst_addr,src_port,dst_port,tcp_flags,protocol
2,172.27.224.251,172.27.224.250,53857,502,S,6
3,172.27.224.250,172.27.224.251,502,53857,SA,6
4,172.27.224.251,172.27.224.250,53857,502,A,6
5,172.27.224.251,172.27.224.250,53857,502,PA,6
6,172.27.224.251,172.27.224.250,53857,502,PA,6
7,172.27.224.251,172.27.224.250,53857,502,PA,6
8,172.27.224.251,172.27.224.250,53857,502,PA,6
9,172.27.224.251,172.27.224.250,53857,502,PA,6
10,172.27.224.251,172.27.224.250,53857,502,PA,6
11,172.27.224.251,172.27.224.250,53857,502,PA,6
12,172.27.224.251,172.27.224.250,53857,502,PA,6
13,172.27.224.251,172.27.224.250,53857,502,PA,6
14,172.27.224.251,172.27.224.250,53857,502,PA,6
15,172.27.224.251,172.27.224.250,53857,502,PA,6
16,172.27.224.251,172.27.224.250,53857,502,PA,6
17,172.27.224.250,172.27.224.251,502,53857,A,6
18,172.27.224.250,172.27.224.251,502,53857,A,6
19,172.27.224.250,172.27.224.251,502,53857,PA,6
20,172.27.224.251,172.27.224.250,53857,502,A,6
22,172.27.224.251,172.27.224.250,53857,502,FA,6
23,172.27.224.250,172.27.224.251,502,53857,A,6
24,172.27.224.250,172.27.224.251,502,53857,FA,6
25,172.27.224.251,172.27.224.250,53857,502,A,6
26,172.27.224.250,172.27.224.251,502,53857,RA,6
27,172.27.224.250,172.27.224.251,502,53857,R,6
31,172.27.224.251,172.27.224.250,53858,502,S,6
32,172.27.224.250,172.27.224.251,502,53858,SA,6
33,172.27.224.251,172.27.224.250,53858,502,A,6
34,172.27.224.251,172.27.224.250,53858,502,PA,6
35,172.27.224.251,172.27.224.250,53858,502,PA,6
36,172.27.224.251,172.27.224.250,53858,502,PA,6
37,172.27.224.251,172.27.224.250,53858,502,PA,6
38,172.27.224.251,172.27.224.250,53858,502,PA,6
39,172.27.224.251,172.27.224.250,53858,502,PA,6
40,172.27.224.251,172.27.224.250,53858,502,PA,6
41,172.27.224.251,172.27.224.250,53858,502,PA,6
42,172.27.224.251,172.27.224.250,53858,502,PA,6
43,172.27.224.251,172.27.224.250,53858,502,PA,6
44,172.27.224.251,172.27.224.250,53858,502,PA,6
45,172.27.224.251,172.27.224.250,53858,502,PA,6
46,172.27.224.250,172.27.224.251,502,53858,A,6
47,172.27.224.250,172.27.224.251,502,53858,A,6
48,172.27.224.250,172.27.224.251,502,53858,PA,6
49,172.27.224.251,172.27.224.250,53858,502,A,6
50,172.27.224.251,172.27.224.250,53858,502,FA,6
51,172.27.224.250,172.27.224.251,502,53858,A,6
52,172.27.224.250,172.27.224.251,502,53858,FA,6
53,172.27.224.251,172.27.224.250,53858,502,A,6
54,172.27.224.250,172.27.224.251,502,53858,RA,6
55,172.27.224.250,172.27.224.251,502,53858,R,6
59,172.27.224.251,172.27.224.250,53859,502,S,6
60,172.27.224.250,172.27.224.251,502,53859,SA,6
61,172.27.224.251,172.27.224.250,53859,502,A,6
62,172.27.224.251,172.27.224.250,53859,502,PA,6
63,172.27.224.251,172.27.224.250,53859,502,PA,6
64,172.27.224.251,172.27.224.250,53859,502,PA,6
65,172.27.224.251,172.27.224.250,53859,502,PA,6
66,172.27.224.251,172.27.224.250,53859,502,PA,6
67,172.27.224.251,172.27.224.250,53859,502,PA,6
68,172.27.224.251,172.27.224.250,53859,502,PA,6
69,172.27.224.251,172.27.224.250,53859,502,PA,6
70,172.27.224.251,172.27.224.250,53859,502,PA,6
71,172.27.224.251,172.27.224.250,53859,502,PA,6
72,172.27.224.251,172.27.224.250,53859,502,PA,6
73,172.27.224.251,172.27.224.250,53859,502,PA,6
74,172.27.224.250,172.27.224.251,502,53859,A,6
75,172.27.224.250,172.27.224.251,502,53859,A,6
76,172.27.224.250,172.27.224.251,502,53859,PA,6
77,172.27.224.251,172.27.224.250,53859,502,A,6
79,172.27.224.251,172.27.224.250,53859,502,FA,6
80,172.27.224.250,172.27.224.251,502,53859,A,6
81,172.27.224.250,172.27.224.251,502,53859,FA,6
82,172.27.224.251,172.27.224.250,53859,502,A,6
83,172.27.224.250,172.27.224.251,502,53859,RA,6
84,172.27.224.250,172.27.224.251,502,53859,R,6
85,172.27.224.250,172.27.224.251,502,52211,A,6
86,172.27.224.251,172.27.224.250,52211,502,A,6
90,172.27.224.251,172.27.224.250,53860,502,S,6
91,172.27.224.250,172.27.224.251,502,53860,SA,6
92,172.27.224.251,172.27.224.250,53860,502,A,6
93,172.27.224.251,172.27.224.250,53860,502,PA,6
94,172.27.224.251,172.27.224.250,53860,502,PA,6
95,172.27.224.251,172.27.224.250,53860,502,PA,6
96,172.27.224.251,172.27.224.250,53860,502,PA,6
97,172.27.224.251,172.27.224.250,53860,502,PA,6
98,172.27.224.251,172.27.224.250,53860,502,PA,6
99,172.27.224.251,172.27.224.250,53860,502,PA,6
100,172.27.224.251,172.27.224.250,53860,502,PA,6
101,172.27.224.251,172.27.224.250,53860,502,PA,6
102,172.27.224.251,172.27.224.250,53860,502,PA,6
103,172.27.224.251,172.27.224.250,53860,502,PA,6
104,172.27.224.251,172.27.224.250,53860,502,PA,6
105,172.27.224.250,172.27.224.251,502,53860,A,6
106,172.27.224.250,172.27.224.251,502,53860,A,6
107,172.27.224.250,172.27.224.251,502,53860,PA,6
108,172.27.224.251,172.27.224.250,53860,502,A,6
110,0.0.0.0,255.255.255.255,68,67,None,17
112,172.27.224.251,172.27.224.250,53860,502,FA,6
113,172.27.224.250,172.27.224.251,502,53860,A,6
114,172.27.224.250,172.27.224.251,502,53860,FA,6
115,172.27.224.251,172.27.224.250,53860,502,A,6
116,172.27.224.250,172.27.224.251,502,53860,RA,6
117,172.27.224.250,172.27.224.251,502,53860,R,6
124,172.27.224.251,172.27.224.250,53861,502,S,6
125,172.27.224.250,172.27.224.251,502,53861,SA,6
126,172.27.224.251,172.27.224.250,53861,502,A,6
127,172.27.224.251,172.27.224.250,53861,502,PA,6
128,172.27.224.251,172.27.224.250,53861,502,PA,6
129,172.27.224.251,172.27.224.250,53861,502,PA,6
130,172.27.224.251,172.27.224.250,53861,502,PA,6
131,172.27.224.251,172.27.224.250,53861,502,PA,6
132,172.27.224.251,172.27.224.250,53861,502,PA,6
133,172.27.224.251,172.27.224.250,53861,502,PA,6
134,172.27.224.251,172.27.224.250,53861,502,PA,6
135,172.27.224.251,172.27.224.250,53861,502,PA,6
136,172.27.224.251,172.27.224.250,53861,502,PA,6
137,172.27.224.251,172.27.224.250,53861,502,PA,6
138,172.27.224.251,172.27.224.250,53861,502,PA,6
139,172.27.224.250,172.27.224.251,502,53861,A,6
140,172.27.224.250,172.27.224.251,502,53861,A,6
141,172.27.224.250,172.27.224.251,502,53861,PA,6
143,172.27.224.251,172.27.224.250,53861,502,A,6
145,172.27.224.251,172.27.224.250,53861,502,FA,6
146,172.27.224.250,172.27.224.251,502,53861,A,6
147,172.27.224.250,172.27.224.251,502,53861,FA,6
148,172.27.224.251,172.27.224.250,53861,502,A,6
149,172.27.224.250,172.27.224.251,502,53861,RA,6
150,172.27.224.250,172.27.224.251,502,53861,R,6
151,0.0.0.0,255.255.255.255,68,67,None,17
154,172.27.224.251,172.27.224.250,53862,502,S,6
155,172.27.224.250,172.27.224.251,502,53862,SA,6
156,172.27.224.251,172.27.224.250,53862,502,A,6
157,172.27.224.251,172.27.224.250,53862,502,PA,6
158,172.27.224.251,172.27.224.250,53862,502,PA,6
159,172.27.224.251,172.27.224.250,53862,502,PA,6
160,172.27.224.251,172.27.224.250,53862,502,PA,6
161,172.27.224.251,172.27.224.250,53862,502,PA,6
162,172.27.224.251,172.27.224.250,53862,502,PA,6
163,172.27.224.251,172.27.224.250,53862,502,PA,6
164,172.27.224.251,172.27.224.250,53862,502,PA,6
165,172.27.224.251,172.27.224.250,53862,502,PA,6
166,172.27.224.251,172.27.224.250,53862,502,PA,6
167,172.27.224.251,172.27.224.250,53862,502,PA,6
168,172.27.224.251,172.27.224.250,53862,502,PA,6
170,172.27.224.250,172.27.224.251,502,53862,A,6
171,172.27.224.250,172.27.224.251,502,53862,A,6
172,172.27.224.250,172.27.224.251,502,53862,PA,6
173,172.27.224.251,172.27.224.250,53862,502,A,6
175,172.27.224.251,172.27.224.250,53862,502,FA,6
176,172.27.224.250,172.27.224.251,502,53862,A,6
177,172.27.224.250,172.27.224.251,502,53862,FA,6
178,172.27.224.251,172.27.224.250,53862,502,A,6
179,172.27.224.250,172.27.224.251,502,53862,RA,6
180,172.27.224.250,172.27.224.251,502,53862,R,6
184,172.27.224.251,172.27.224.250,53863,502,S,6
185,172.27.224.250,172.27.224.251,502,53863,SA,6
186,172.27.224.251,172.27.224.250,53863,502,A,6
187,172.27.224.251,172.27.224.250,53863,502,PA,6
188,172.27.224.251,172.27.224.250,53863,502,PA,6
189,172.27.224.251,172.27.224.250,53863,502,PA,6
190,172.27.224.251,172.27.224.250,53863,502,PA,6
191,172.27.224.251,172.27.224.250,53863,502,PA,6
192,172.27.224.251,172.27.224.250,53863,502,PA,6
193,172.27.224.251,172.27.224.250,53863,502,PA,6
194,172.27.224.251,172.27.224.250,53863,502,PA,6
195,172.27.224.251,172.27.224.250,53863,502,PA,6
196,172.27.224.251,172.27.224.250,53863,502,PA,6
197,172.27.224.251,172.27.224.250,53863,502,PA,6
198,172.27.224.251,172.27.224.250,53863,502,PA,6
199,172.27.224.250,172.27.224.251,502,53863,A,6
200,172.27.224.250,172.27.224.251,502,53863,A,6
201,172.27.224.250,172.27.224.251,502,53863,PA,6
202,172.27.224.251,172.27.224.250,53863,502,A,6
203,0.0.0.0,255.255.255.255,68,67,None,17
205,172.27.224.251,172.27.224.250,53863,502,FA,6
206,172.27.224.250,172.27.224.251,502,53863,A,6
207,172.27.224.250,172.27.224.251,502,53863,FA,6
208,172.27.224.251,172.27.224.250,53863,502,A,6
209,172.27.224.250,172.27.224.251,502,53863,RA,6
210,172.27.224.250,172.27.224.251,502,53863,R,6
214,172.27.224.251,172.27.224.250,53864,502,S,6
215,172.27.224.250,172.27.224.251,502,53864,SA,6
216,172.27.224.251,172.27.224.250,53864,502,A,6
217,172.27.224.251,172.27.224.250,53864,502,PA,6
218,172.27.224.251,172.27.224.250,53864,502,PA,6
219,172.27.224.251,172.27.224.250,53864,502,PA,6
220,172.27.224.251,172.27.224.250,53864,502,PA,6
221,172.27.224.251,172.27.224.250,53864,502,PA,6
222,172.27.224.251,172.27.224.250,53864,502,PA,6
223,172.27.224.251,172.27.224.250,53864,502,PA,6
224,172.27.224.251,172.27.224.250,53864,502,PA,6
225,172.27.224.251,172.27.224.250,53864,502,PA,6
226,172.27.224.251,172.27.224.250,53864,502,PA,6
227,172.27.224.251,172.27.224.250,53864,502,PA,6
228,172.27.224.251,172.27.224.250,53864,502,PA,6
229,172.27.224.250,172.27.224.251,502,53864,A,6
230,172.27.224.250,172.27.224.251,502,53864,A,6
231,172.27.224.250,172.27.224.251,502,53864,PA,6
232,172.27.224.251,172.27.224.250,53864,502,A,6
234,172.27.224.251,172.27.224.250,53864,502,FA,6
235,172.27.224.250,172.27.224.251,502,53864,A,6
236,172.27.224.250,172.27.224.251,502,53864,FA,6
237,172.27.224.251,172.27.224.250,53864,502,A,6
238,172.27.224.250,172.27.224.251,502,53864,RA,6
239,172.27.224.250,172.27.224.251,502,53864,R,6
243,172.27.224.251,172.27.224.250,53865,502,S,6
244,172.27.224.250,172.27.224.251,502,53865,SA,6
245,172.27.224.251,172.27.224.250,53865,502,A,6
246,172.27.224.251,172.27.224.250,53865,502,PA,6
247,172.27.224.251,172.27.224.250,53865,502,PA,6
248,172.27.224.251,172.27.224.250,53865,502,PA,6
249,172.27.224.251,172.27.224.250,53865,502,PA,6
250,172.27.224.251,172.27.224.250,53865,502,PA,6
251,172.27.224.251,172.27.224.250,53865,502,PA,6
252,172.27.224.251,172.27.224.250,53865,502,PA,6
253,172.27.224.251,172.27.224.250,53865,502,PA,6
254,172.27.224.251,172.27.224.250,53865,502,PA,6
255,172.27.224.251,172.27.224.250,53865,502,PA,6
256,172.27.224.251,172.27.224.250,53865,502,PA,6
257,172.27.224.251,172.27.224.250,53865,502,PA,6
258,172.27.224.250,172.27.224.251,502,53865,A,6
259,172.27.224.250,172.27.224.251,502,53865,A,6
260,172.27.224.250,172.27.224.251,502,53865,PA,6
261,172.27.224.251,172.27.224.250,53865,502,A,6
263,172.27.224.251,172.27.224.250,53865,502,FA,6
264,172.27.224.250,172.27.224.251,502,53865,A,6
265,172.27.224.250,172.27.224.251,502,53865,FA,6
266,172.27.224.251,172.27.224.250,53865,502,A,6
267,172.27.224.250,172.27.224.251,502,53865,RA,6
268,172.27.224.250,172.27.224.251,502,53865,R,6
269,0.0.0.0,255.255.255.255,68,67,None,17
272,172.27.224.251,172.27.224.250,53866,502,S,6
273,172.27.224.250,172.27.224.251,502,53866,SA,6
274,172.27.224.251,172.27.224.250,53866,502,A,6
275,172.27.224.251,172.27.224.250,53866,502,PA,6
276,172.27.224.251,172.27.224.250,53866,502,PA,6
277,172.27.224.251,172.27.224.250,53866,502,PA,6
278,172.27.224.251,172.27.224.250,53866,502,PA,6
279,172.27.224.251,172.27.224.250,53866,502,PA,6
280,172.27.224.251,172.27.224.250,53866,502,PA,6
281,172.27.224.251,172.27.224.250,53866,502,PA,6
282,172.27.224.251,172.27.224.250,53866,502,PA,6
283,172.27.224.251,172.27.224.250,53866,502,PA,6
284,172.27.224.251,172.27.224.250,53866,502,PA,6
285,172.27.224.251,172.27.224.250,53866,502,PA,6
286,172.27.224.251,172.27.224.250,53866,502,PA,6
287,172.27.224.250,172.27.224.251,502,53866,A,6
288,172.27.224.250,172.27.224.251,502,53866,A,6
289,172.27.224.250,172.27.224.251,502,53866,PA,6
290,172.27.224.251,172.27.224.250,53866,502,A,6
292,172.27.224.251,172.27.224.250,53866,502,FA,6
293,172.27.224.250,172.27.224.251,502,53866,A,6
294,172.27.224.250,172.27.224.251,502,53866,FA,6
295,172.27.224.251,172.27.224.250,53866,502,A,6
296,172.27.224.250,172.27.224.251,502,53866,RA,6
297,172.27.224.250,172.27.224.251,502,53866,R,6
301,172.27.224.251,172.27.224.250,53867,502,S,6
302,172.27.224.250,172.27.224.251,502,53867,SA,6
303,172.27.224.251,172.27.224.250,53867,502,A,6
304,172.27.224.251,172.27.224.250,53867,502,PA,6
305,172.27.224.251,172.27.224.250,53867,502,PA,6
306,172.27.224.251,172.27.224.250,53867,502,PA,6
307,172.27.224.251,172.27.224.250,53867,502,PA,6
308,172.27.224.251,172.27.224.250,53867,502,PA,6
309,172.27.224.251,172.27.224.250,53867,502,PA,6
310,172.27.224.251,172.27.224.250,53867,502,PA,6
311,172.27.224.251,172.27.224.250,53867,502,PA,6
312,172.27.224.251,172.27.224.250,53867,502,PA,6
313,172.27.224.251,172.27.224.250,53867,502,PA,6
314,172.27.224.251,172.27.224.250,53867,502,PA,6
315,172.27.224.251,172.27.224.250,53867,502,PA,6
316,172.27.224.250,172.27.224.251,502,53867,A,6
317,172.27.224.250,172.27.224.251,502,53867,A,6
318,172.27.224.250,172.27.224.251,502,53867,PA,6
319,172.27.224.251,172.27.224.250,53867,502,A,6
320,172.27.224.251,172.27.224.250,53867,502,FA,6
321,172.27.224.250,172.27.224.251,502,53867,A,6
322,172.27.224.250,172.27.224.251,502,53867,FA,6
323,172.27.224.251,172.27.224.250,53867,502,A,6
324,172.27.224.250,172.27.224.251,502,53867,RA,6
325,172.27.224.250,172.27.224.251,502,53867,R,6
329,172.27.224.251,172.27.224.250,53868,502,S,6
330,172.27.224.250,172.27.224.251,502,53868,SA,6
331,172.27.224.251,172.27.224.250,53868,502,A,6
332,172.27.224.251,172.27.224.250,53868,502,PA,6
333,172.27.224.251,172.27.224.250,53868,502,PA,6
334,172.27.224.251,172.27.224.250,53868,502,PA,6
335,172.27.224.251,172.27.224.250,53868,502,PA,6
336,172.27.224.251,172.27.224.250,53868,502,PA,6
337,172.27.224.251,172.27.224.250,53868,502,PA,6
338,172.27.224.251,172.27.224.250,53868,502,PA,6
339,172.27.224.251,172.27.224.250,53868,502,PA,6
340,172.27.224.251,172.27.224.250,53868,502,PA,6
341,172.27.224.251,172.27.224.250,53868,502,PA,6
342,172.27.224.251,172.27.224.250,53868,502,PA,6
343,172.27.224.251,172.27.224.250,53868,502,PA,6
344,172.27.224.250,172.27.224.251,502,53868,A,6
345,172.27.224.250,172.27.224.251,502,53868,A,6
346,172.27.224.250,172.27.224.251,502,53868,PA,6
347,172.27.224.251,172.27.224.250,53868,502,A,6
349,172.27.224.251,172.27.224.250,53868,502,FA,6
350,172.27.224.250,172.27.224.251,502,53868,A,6
351,172.27.224.250,172.27.224.251,502,53868,FA,6
352,172.27.224.251,172.27.224.250,53868,502,A,6
353,172.27.224.250,172.27.224.251,502,53868,RA,6
354,172.27.224.250,172.27.224.251,502,53868,R,6
358,172.27.224.251,172.27.224.250,53869,502,S,6
359,172.27.224.250,172.27.224.251,502,53869,SA,6
360,172.27.224.251,172.27.224.250,53869,502,A,6
361,172.27.224.251,172.27.224.250,53869,502,PA,6
362,172.27.224.251,172.27.224.250,53869,502,PA,6
363,172.27.224.251,172.27.224.250,53869,502,PA,6
364,172.27.224.251,172.27.224.250,53869,502,PA,6
365,172.27.224.251,172.27.224.250,53869,502,PA,6
366,172.27.224.251,172.27.224.250,53869,502,PA,6
367,172.27.224.251,172.27.224.250,53869,502,PA,6
368,172.27.224.251,172.27.224.250,53869,502,PA,6
369,172.27.224.251,172.27.224.250,53869,502,PA,6
370,172.27.224.251,172.27.224.250,53869,502,PA,6
371,172.27.224.251,172.27.224.250,53869,502,PA,6
372,172.27.224.251,172.27.224.250,53869,502,PA,6
373,172.27.224.250,172.27.224.251,502,53869,A,6
374,172.27.224.250,172.27.224.251,502,53869,A,6
375,172.27.224.250,172.27.224.251,502,53869,PA,6
376,172.27.224.251,172.27.224.250,53869,502,A,6
377,172.27.224.251,172.27.224.250,53869,502,FA,6
378,172.27.224.250,172.27.224.251,502,53869,A,6
379,172.27.224.250,172.27.224.251,502,53869,FA,6
380,172.27.224.251,172.27.224.250,53869,502,A,6
381,172.27.224.250,172.27.224.251,502,53869,RA,6
382,172.27.224.250,172.27.224.251,502,53869,R,6
386,172.27.224.251,172.27.224.250,53870,502,S,6
387,172.27.224.250,172.27.224.251,502,53870,SA,6
388,172.27.224.251,172.27.224.250,53870,502,A,6
389,172.27.224.251,172.27.224.250,53870,502,PA,6
390,172.27.224.251,172.27.224.250,53870,502,PA,6
391,172.27.224.251,172.27.224.250,53870,502,PA,6
392,172.27.224.251,172.27.224.250,53870,502,PA,6
393,172.27.224.251,172.27.224.250,53870,502,PA,6
394,172.27.224.251,172.27.224.250,53870,502,PA,6
395,172.27.224.251,172.27.224.250,53870,502,PA,6
396,172.27.224.251,172.27.224.250,53870,502,PA,6
397,172.27.224.251,172.27.224.250,53870,502,PA,6
398,172.27.224.251,172.27.224.250,53870,502,PA,6
399,172.27.224.251,172.27.224.250,53870,502,PA,6
400,172.27.224.251,172.27.224.250,53870,502,PA,6
401,172.27.224.250,172.27.224.251,502,53870,A,6
402,172.27.224.250,172.27.224.251,502,53870,A,6
403,172.27.224.250,172.27.224.251,502,53870,PA,6
404,172.27.224.251,172.27.224.250,53870,502,A,6
406,0.0.0.0,255.255.255.255,68,67,None,17
407,172.27.224.251,172.27.224.250,53870,502,FA,6
408,172.27.224.250,172.27.224.251,502,53870,A,6
409,172.27.224.250,172.27.224.251,502,53870,FA,6
410,172.27.224.251,172.27.224.250,53870,502,A,6
411,172.27.224.250,172.27.224.251,502,53870,RA,6
412,172.27.224.250,172.27.224.251,502,53870,R,6
416,172.27.224.251,172.27.224.250,53871,502,S,6
417,172.27.224.250,172.27.224.251,502,53871,SA,6
418,172.27.224.251,172.27.224.250,53871,502,A,6
419,172.27.224.251,172.27.224.250,53871,502,PA,6
420,172.27.224.251,172.27.224.250,53871,502,PA,6
421,172.27.224.251,172.27.224.250,53871,502,PA,6
422,172.27.224.251,172.27.224.250,53871,502,PA,6
423,172.27.224.251,172.27.224.250,53871,502,PA,6
424,172.27.224.251,172.27.224.250,53871,502,PA,6
425,172.27.224.251,172.27.224.250,53871,502,PA,6
426,172.27.224.251,172.27.224.250,53871,502,PA,6
427,172.27.224.251,172.27.224.250,53871,502,PA,6
428,172.27.224.251,172.27.224.250,53871,502,PA,6
429,172.27.224.251,172.27.224.250,53871,502,PA,6
430,172.27.224.251,172.27.224.250,53871,502,PA,6
431,172.27.224.250,172.27.224.251,502,53871,A,6
432,172.27.224.250,172.27.224.251,502,53871,A,6
433,172.27.224.250,172.27.224.251,502,53871,PA,6
434,172.27.224.251,172.27.224.250,53871,502,A,6
435,172.27.224.251,172.27.224.250,53871,502,FA,6
436,172.27.224.250,172.27.224.251,502,53871,A,6
437,172.27.224.250,172.27.224.251,502,53871,FA,6
438,172.27.224.251,172.27.224.250,53871,502,A,6
439,172.27.224.250,172.27.224.251,502,53871,RA,6
440,172.27.224.250,172.27.224.251,502,53871,R,6
444,172.27.224.251,172.27.224.250,53872,502,S,6
445,172.27.224.250,172.27.224.251,502,53872,SA,6
446,172.27.224.251,172.27.224.250,53872,502,A,6
447,172.27.224.251,172.27.224.250,53872,502,PA,6
448,172.27.224.251,172.27.224.250,53872,502,PA,6
449,172.27.224.251,172.27.224.250,53872,502,PA,6
450,172.27.224.251,172.27.224.250,53872,502,PA,6
451,172.27.224.251,172.27.224.250,53872,502,PA,6
452,172.27.224.251,172.27.224.250,53872,502,PA,6
453,172.27.224.251,172.27.224.250,53872,502,PA,6
454,172.27.224.251,172.27.224.250,53872,502,PA,6
455,172.27.224.251,172.27.224.250,53872,502,PA,6
456,172.27.224.251,172.27.224.250,53872,502,PA,6
457,172.27.224.251,172.27.224.250,53872,502,PA,6
458,172.27.224.251,172.27.224.250,53872,502,PA,6
459,172.27.224.250,172.27.224.251,502,53872,A,6
460,172.27.224.250,172.27.224.251,502,53872,A,6
461,172.27.224.250,172.27.224.251,502,53872,PA,6
462,172.27.224.251,172.27.224.250,53872,502,A,6
464,172.27.224.251,172.27.224.250,53872,502,FA,6
465,172.27.224.250,172.27.224.251,502,53872,A,6
466,172.27.224.250,172.27.224.251,502,53872,FA,6
467,172.27.224.251,172.27.224.250,53872,502,A,6
468,172.27.224.250,172.27.224.251,502,53872,RA,6
469,172.27.224.250,172.27.224.251,502,53872,R,6
472,172.27.224.251,172.27.224.250,53873,502,S,6
473,172.27.224.250,172.27.224.251,502,53873,SA,6
474,172.27.224.251,172.27.224.250,53873,502,A,6
475,172.27.224.251,172.27.224.250,53873,502,PA,6
476,172.27.224.251,172.27.224.250,53873,502,PA,6
477,172.27.224.251,172.27.224.250,53873,502,PA,6
478,172.27.224.251,172.27.224.250,53873,502,PA,6
479,172.27.224.251,172.27.224.250,53873,502,PA,6
480,172.27.224.251,172.27.224.250,53873,502,PA,6
481,172.27.224.251,172.27.224.250,53873,502,PA,6
482,172.27.224.251,172.27.224.250,53873,502,PA,6
483,172.27.224.251,172.27.224.250,53873,502,PA,6
484,172.27.224.251,172.27.224.250,53873,502,PA,6
485,172.27.224.251,172.27.224.250,53873,502,PA,6
486,172.27.224.251,172.27.224.250,53873,502,PA,6
487,172.27.224.250,172.27.224.251,502,53873,A,6
488,172.27.224.250,172.27.224.251,502,53873,A,6
489,172.27.224.250,172.27.224.251,502,53873,PA,6
491,172.27.224.251,172.27.224.250,53873,502,A,6
492,172.27.224.251,172.27.224.250,53873,502,FA,6
493,172.27.224.250,172.27.224.251,502,53873,A,6
494,172.27.224.250,172.27.224.251,502,53873,FA,6
495,172.27.224.251,172.27.224.250,53873,502,A,6
496,172.27.224.250,172.27.224.251,502,53873,RA,6
497,172.27.224.250,172.27.224.251,502,53873,R,6
501,172.27.224.251,172.27.224.250,53874,502,S,6
502,172.27.224.250,172.27.224.251,502,53874,SA,6
503,172.27.224.251,172.27.224.250,53874,502,A,6
504,172.27.224.251,172.27.224.250,53874,502,PA,6
505,172.27.224.251,172.27.224.250,53874,502,PA,6
506,172.27.224.251,172.27.224.250,53874,502,PA,6
507,172.27.224.251,172.27.224.250,53874,502,PA,6
508,172.27.224.251,172.27.224.250,53874,502,PA,6
509,172.27.224.251,172.27.224.250,53874,502,PA,6
510,172.27.224.251,172.27.224.250,53874,502,PA,6
511,172.27.224.251,172.27.224.250,53874,502,PA,6
512,172.27.224.251,172.27.224.250,53874,502,PA,6
513,172.27.224.251,172.27.224.250,53874,502,PA,6
514,172.27.224.251,172.27.224.250,53874,502,PA,6
515,172.27.224.251,172.27.224.250,53874,502,PA,6
516,172.27.224.250,172.27.224.251,502,53874,A,6
517,172.27.224.250,172.27.224.251,502,53874,A,6
518,172.27.224.250,172.27.224.251,502,53874,PA,6
519,172.27.224.251,172.27.224.250,53874,502,A,6
521,172.27.224.251,172.27.224.250,53874,502,FA,6
522,172.27.224.250,172.27.224.251,502,53874,A,6
523,172.27.224.250,172.27.224.251,502,53874,FA,6
524,172.27.224.251,172.27.224.250,53874,502,A,6
525,172.27.224.250,172.27.224.251,502,53874,RA,6
526,172.27.224.250,172.27.224.251,502,53874,R,6
527,172.27.224.250,172.27.224.251,502,51656,A,6
528,172.27.224.251,172.27.224.250,51656,502,A,6
531,172.27.224.251,172.27.224.250,53875,502,S,6
532,172.27.224.250,172.27.224.251,502,53875,SA,6
533,172.27.224.251,172.27.224.250,53875,502,A,6
534,172.27.224.251,172.27.224.250,53875,502,PA,6
535,172.27.224.251,172.27.224.250,53875,502,PA,6
536,172.27.224.251,172.27.224.250,53875,502,PA,6
537,172.27.224.251,172.27.224.250,53875,502,PA,6
538,172.27.224.251,172.27.224.250,53875,502,PA,6
539,172.27.224.251,172.27.224.250,53875,502,PA,6
540,172.27.224.251,172.27.224.250,53875,502,PA,6
541,172.27.224.251,172.27.224.250,53875,502,PA,6
542,172.27.224.251,172.27.224.250,53875,502,PA,6
543,172.27.224.251,172.27.224.250,53875,502,PA,6
544,172.27.224.251,172.27.224.250,53875,502,PA,6
545,172.27.224.251,172.27.224.250,53875,502,PA,6
546,172.27.224.250,172.27.224.251,502,53875,A,6
547,172.27.224.250,172.27.224.251,502,53875,A,6
548,172.27.224.250,172.27.224.251,502,53875,PA,6
549,172.27.224.251,172.27.224.250,53875,502,A,6
551,172.27.224.251,172.27.224.250,53875,502,FA,6
552,172.27.224.250,172.27.224.251,502,53875,A,6
553,172.27.224.250,172.27.224.251,502,53875,FA,6
554,172.27.224.251,172.27.224.250,53875,502,A,6
555,172.27.224.250,172.27.224.251,502,53875,RA,6
556,172.27.224.250,172.27.224.251,502,53875,R,6
559,0.0.0.0,255.255.255.255,68,67,None,17
562,172.27.224.251,172.27.224.250,53876,502,S,6
563,172.27.224.250,172.27.224.251,502,53876,SA,6
564,172.27.224.251,172.27.224.250,53876,502,A,6
565,172.27.224.251,172.27.224.250,53876,502,PA,6
566,172.27.224.251,172.27.224.250,53876,502,PA,6
567,172.27.224.251,172.27.224.250,53876,502,PA,6
568,172.27.224.251,172.27.224.250,53876,502,PA,6
569,172.27.224.251,172.27.224.250,53876,502,PA,6
570,172.27.224.251,172.27.224.250,53876,502,PA,6
571,172.27.224.251,172.27.224.250,53876,502,PA,6
572,172.27.224.251,172.27.224.250,53876,502,PA,6
573,172.27.224.251,172.27.224.250,53876,502,PA,6
574,172.27.224.251,172.27.224.250,53876,502,PA,6
575,172.27.224.251,172.27.224.250,53876,502,PA,6
576,172.27.224.251,172.27.224.250,53876,502,PA,6
577,172.27.224.250,172.27.224.251,502,53876,A,6
578,172.27.224.250,172.27.224.251,502,53876,A,6
579,172.27.224.250,172.27.224.251,502,53876,PA,6
580,172.27.224.251,172.27.224.250,53876,502,A,6
582,0.0.0.0,255.255.255.255,68,67,None,17
587,172.27.224.251,172.27.224.250,53876,502,FA,6
588,172.27.224.250,172.27.224.251,502,53876,A,6
589,172.27.224.250,172.27.224.251,502,53876,FA,6
590,172.27.224.251,172.27.224.250,53876,502,A,6
591,172.27.224.250,172.27.224.251,502,53876,RA,6
592,172.27.224.250,172.27.224.251,502,53876,R,6
598,172.27.224.251,172.27.224.250,53877,502,S,6
599,172.27.224.250,172.27.224.251,502,53877,SA,6
600,172.27.224.251,172.27.224.250,53877,502,A,6
601,172.27.224.251,172.27.224.250,53877,502,PA,6
602,172.27.224.251,172.27.224.250,53877,502,PA,6
603,172.27.224.251,172.27.224.250,53877,502,PA,6
604,172.27.224.251,172.27.224.250,53877,502,PA,6
605,172.27.224.251,172.27.224.250,53877,502,PA,6
606,172.27.224.251,172.27.224.250,53877,502,PA,6
607,172.27.224.251,172.27.224.250,53877,502,PA,6
608,172.27.224.251,172.27.224.250,53877,502,PA,6
609,172.27.224.251,172.27.224.250,53877,502,PA,6
610,172.27.224.251,172.27.224.250,53877,502,PA,6
611,172.27.224.251,172.27.224.250,53877,502,PA,6
612,172.27.224.251,172.27.224.250,53877,502,PA,6
613,172.27.224.250,172.27.224.251,502,53877,A,6
614,172.27.224.250,172.27.224.251,502,53877,A,6
615,172.27.224.250,172.27.224.251,502,53877,PA,6
616,172.27.224.251,172.27.224.250,53877,502,A,6
618,172.27.224.251,172.27.224.250,53877,502,FA,6
619,172.27.224.250,172.27.224.251,502,53877,A,6
620,172.27.224.250,172.27.224.251,502,53877,FA,6
621,172.27.224.251,172.27.224.250,53877,502,A,6
622,172.27.224.250,172.27.224.251,502,53877,RA,6
623,172.27.224.250,172.27.224.251,502,53877,R,6
628,172.27.224.251,172.27.224.250,53878,502,S,6
629,172.27.224.250,172.27.224.251,502,53878,SA,6
630,172.27.224.251,172.27.224.250,53878,502,A,6
631,172.27.224.251,172.27.224.250,53878,502,PA,6
632,172.27.224.251,172.27.224.250,53878,502,PA,6
633,172.27.224.251,172.27.224.250,53878,502,PA,6
634,172.27.224.251,172.27.224.250,53878,502,PA,6
635,172.27.224.251,172.27.224.250,53878,502,PA,6
636,172.27.224.251,172.27.224.250,53878,502,PA,6
637,172.27.224.251,172.27.224.250,53878,502,PA,6
638,172.27.224.251,172.27.224.250,53878,502,PA,6
639,172.27.224.251,172.27.224.250,53878,502,PA,6
640,172.27.224.251,172.27.224.250,53878,502,PA,6
641,172.27.224.251,172.27.224.250,53878,502,PA,6
642,172.27.224.251,172.27.224.250,53878,502,PA,6
643,172.27.224.250,172.27.224.251,502,53878,A,6
644,172.27.224.250,172.27.224.251,502,53878,A,6
645,172.27.224.250,172.27.224.251,502,53878,PA,6
646,0.0.0.0,255.255.255.255,68,67,None,17
647,0.0.0.0,255.255.255.255,68,67,None,17
648,172.27.224.251,172.27.224.250,53878,502,A,6
650,172.27.224.251,172.27.224.250,53878,502,FA,6
651,172.27.224.250,172.27.224.251,502,53878,A,6
652,172.27.224.250,172.27.224.251,502,53878,FA,6
653,172.27.224.251,172.27.224.250,53878,502,A,6
654,172.27.224.250,172.27.224.251,502,53878,RA,6
655,172.27.224.250,172.27.224.251,502,53878,R,6
659,172.27.224.251,172.27.224.250,53879,502,S,6
660,172.27.224.250,172.27.224.251,502,53879,SA,6
661,172.27.224.251,172.27.224.250,53879,502,A,6
662,172.27.224.251,172.27.224.250,53879,502,PA,6
663,172.27.224.251,172.27.224.250,53879,502,PA,6
664,172.27.224.251,172.27.224.250,53879,502,PA,6
665,172.27.224.251,172.27.224.250,53879,502,PA,6
666,172.27.224.251,172.27.224.250,53879,502,PA,6
667,172.27.224.251,172.27.224.250,53879,502,PA,6
668,172.27.224.251,172.27.224.250,53879,502,PA,6
669,172.27.224.251,172.27.224.250,53879,502,PA,6
670,172.27.224.251,172.27.224.250,53879,502,PA,6
671,172.27.224.251,172.27.224.250,53879,502,PA,6
672,172.27.224.251,172.27.224.250,53879,502,PA,6
673,172.27.224.251,172.27.224.250,53879,502,PA,6
674,172.27.224.250,172.27.224.251,502,53879,A,6
675,172.27.224.250,172.27.224.251,502,53879,A,6
676,172.27.224.250,172.27.224.251,502,53879,PA,6
677,172.27.224.251,172.27.224.250,53879,502,A,6
680,172.27.224.251,172.27.224.250,53879,502,FA,6
682,172.27.224.250,172.27.224.251,502,53879,A,6
683,172.27.224.250,172.27.224.251,502,53879,FA,6
684,172.27.224.251,172.27.224.250,53879,502,A,6
685,172.27.224.250,172.27.224.251,502,53879,RA,6
686,172.27.224.250,172.27.224.251,502,53879,R,6
690,172.27.224.251,172.27.224.250,53880,502,S,6
691,172.27.224.250,172.27.224.251,502,53880,SA,6
692,172.27.224.251,172.27.224.250,53880,502,A,6
693,172.27.224.251,172.27.224.250,53880,502,PA,6
694,172.27.224.251,172.27.224.250,53880,502,PA,6
695,172.27.224.251,172.27.224.250,53880,502,PA,6
696,172.27.224.251,172.27.224.250,53880,502,PA,6
697,172.27.224.251,172.27.224.250,53880,502,PA,6
698,172.27.224.251,172.27.224.250,53880,502,PA,6
699,172.27.224.251,172.27.224.250,53880,502,PA,6
700,172.27.224.251,172.27.224.250,53880,502,PA,6
701,172.27.224.251,172.27.224.250,53880,502,PA,6
702,172.27.224.251,172.27.224.250,53880,502,PA,6
703,172.27.224.251,172.27.224.250,53880,502,PA,6
704,172.27.224.251,172.27.224.250,53880,502,PA,6
705,172.27.224.250,172.27.224.251,502,53880,A,6
706,172.27.224.250,172.27.224.251,502,53880,A,6
707,172.27.224.250,172.27.224.251,502,53880,PA,6
708,172.27.224.251,172.27.224.250,53880,502,A,6
709,172.27.224.251,172.27.224.250,53880,502,FA,6
710,172.27.224.250,172.27.224.251,502,53880,A,6
711,172.27.224.250,172.27.224.251,502,53880,FA,6
712,172.27.224.251,172.27.224.250,53880,502,A,6
713,172.27.224.250,172.27.224.251,502,53880,RA,6
714,172.27.224.250,172.27.224.251,502,53880,R,6
718,172.27.224.251,172.27.224.250,53881,502,S,6
719,172.27.224.250,172.27.224.251,502,53881,SA,6
720,172.27.224.251,172.27.224.250,53881,502,A,6
721,172.27.224.251,172.27.224.250,53881,502,PA,6
722,172.27.224.251,172.27.224.250,53881,502,PA,6
723,172.27.224.251,172.27.224.250,53881,502,PA,6
724,172.27.224.251,172.27.224.250,53881,502,PA,6
725,172.27.224.251,172.27.224.250,53881,502,PA,6
726,172.27.224.251,172.27.224.250,53881,502,PA,6
727,172.27.224.251,172.27.224.250,53881,502,PA,6
728,172.27.224.251,172.27.224.250,53881,502,PA,6
729,172.27.224.251,172.27.224.250,53881,502,PA,6
730,172.27.224.251,172.27.224.250,53881,502,PA,6
731,172.27.224.251,172.27.224.250,53881,502,PA,6
732,172.27.224.251,172.27.224.250,53881,502,PA,6
733,172.27.224.250,172.27.224.251,502,53881,A,6
734,172.27.224.250,172.27.224.251,502,53881,A,6
735,172.27.224.250,172.27.224.251,502,53881,PA,6
736,172.27.224.251,172.27.224.250,53881,502,A,6
738,172.27.224.251,172.27.224.250,53881,502,FA,6
739,172.27.224.250,172.27.224.251,502,53881,A,6
740,172.27.224.250,172.27.224.251,502,53881,FA,6
741,172.27.224.251,172.27.224.250,53881,502,A,6
742,172.27.224.250,172.27.224.251,502,53881,RA,6
743,172.27.224.250,172.27.224.251,502,53881,R,6
746,172.27.224.251,172.27.224.250,53882,502,S,6
747,172.27.224.250,172.27.224.251,502,53882,SA,6
748,172.27.224.251,172.27.224.250,53882,502,A,6
749,172.27.224.251,172.27.224.250,53882,502,PA,6
750,172.27.224.251,172.27.224.250,53882,502,PA,6
751,172.27.224.251,172.27.224.250,53882,502,PA,6
752,172.27.224.251,172.27.224.250,53882,502,PA,6
753,172.27.224.251,172.27.224.250,53882,502,PA,6
754,172.27.224.251,172.27.224.250,53882,502,PA,6
755,172.27.224.251,172.27.224.250,53882,502,PA,6
756,172.27.224.251,172.27.224.250,53882,502,PA,6
757,172.27.224.251,172.27.224.250,53882,502,PA,6
758,172.27.224.251,172.27.224.250,53882,502,PA,6
759,172.27.224.251,172.27.224.250,53882,502,PA,6
760,172.27.224.251,172.27.224.250,53882,502,PA,6
761,172.27.224.250,172.27.224.251,502,53882,A,6
762,172.27.224.250,172.27.224.251,502,53882,A,6
763,172.27.224.250,172.27.224.251,502,53882,PA,6
765,172.27.224.251,172.27.224.250,53882,502,A,6
766,172.27.224.251,172.27.224.250,53882,502,FA,6
767,172.27.224.250,172.27.224.251,502,53882,A,6
768,172.27.224.250,172.27.224.251,502,53882,FA,6
769,172.27.224.251,172.27.224.250,53882,502,A,6
770,172.27.224.250,172.27.224.251,502,53882,RA,6
771,172.27.224.250,172.27.224.251,502,53882,R,6
773,0.0.0.0,255.255.255.255,68,67,None,17
774,0.0.0.0,255.255.255.255,68,67,None,17
777,172.27.224.251,172.27.224.250,53883,502,S,6
778,172.27.224.250,172.27.224.251,502,53883,SA,6
779,172.27.224.251,172.27.224.250,53883,502,A,6
780,172.27.224.251,172.27.224.250,53883,502,PA,6
781,172.27.224.251,172.27.224.250,53883,502,PA,6
782,172.27.224.251,172.27.224.250,53883,502,PA,6
783,172.27.224.251,172.27.224.250,53883,502,PA,6
784,172.27.224.251,172.27.224.250,53883,502,PA,6
785,172.27.224.251,172.27.224.250,53883,502,PA,6
786,172.27.224.251,172.27.224.250,53883,502,PA,6
787,172.27.224.251,172.27.224.250,53883,502,PA,6
788,172.27.224.251,172.27.224.250,53883,502,PA,6
789,172.27.224.251,172.27.224.250,53883,502,PA,6
790,172.27.224.251,172.27.224.250,53883,502,PA,6
791,172.27.224.251,172.27.224.250,53883,502,PA,6
792,172.27.224.250,172.27.224.251,502,53883,A,6
793,172.27.224.250,172.27.224.251,502,53883,A,6
794,172.27.224.250,172.27.224.251,502,53883,PA,6
795,172.27.224.251,172.27.224.250,53883,502,A,6
797,172.27.224.251,172.27.224.250,53883,502,FA,6
798,172.27.224.250,172.27.224.251,502,53883,A,6
799,172.27.224.250,172.27.224.251,502,53883,FA,6
800,172.27.224.251,172.27.224.250,53883,502,A,6
801,172.27.224.250,172.27.224.251,502,53883,RA,6
802,172.27.224.250,172.27.224.251,502,53883,R,6
805,172.27.224.251,172.27.224.250,53884,502,S,6
806,172.27.224.250,172.27.224.251,502,53884,SA,6
807,172.27.224.251,172.27.224.250,53884,502,A,6
808,172.27.224.251,172.27.224.250,53884,502,PA,6
809,172.27.224.251,172.27.224.250,53884,502,PA,6
810,172.27.224.251,172.27.224.250,53884,502,PA,6
811,172.27.224.251,172.27.224.250,53884,502,PA,6
812,172.27.224.251,172.27.224.250,53884,502,PA,6
813,172.27.224.251,172.27.224.250,53884,502,PA,6
814,172.27.224.251,172.27.224.250,53884,502,PA,6
815,172.27.224.251,172.27.224.250,53884,502,PA,6
816,172.27.224.251,172.27.224.250,53884,502,PA,6
817,172.27.224.251,172.27.224.250,53884,502,PA,6
818,172.27.224.251,172.27.224.250,53884,502,PA,6
819,172.27.224.251,172.27.224.250,53884,502,PA,6
820,172.27.224.250,172.27.224.251,502,53884,A,6
821,172.27.224.250,172.27.224.251,502,53884,A,6
822,172.27.224.250,172.27.224.251,502,53884,PA,6
823,172.27.224.251,172.27.224.250,53884,502,A,6
825,172.27.224.251,172.27.224.250,53884,502,FA,6
826,172.27.224.250,172.27.224.251,502,53884,A,6
827,172.27.224.250,172.27.224.251,502,53884,FA,6
828,172.27.224.251,172.27.224.250,53884,502,A,6
829,172.27.224.250,172.27.224.251,502,53884,RA,6
830,172.27.224.250,172.27.224.251,502,53884,R,6
834,172.27.224.251,172.27.224.250,53885,502,S,6
835,172.27.224.250,172.27.224.251,502,53885,SA,6
836,172.27.224.251,172.27.224.250,53885,502,A,6
837,172.27.224.251,172.27.224.250,53885,502,PA,6
838,172.27.224.251,172.27.224.250,53885,502,PA,6
839,172.27.224.251,172.27.224.250,53885,502,PA,6
840,172.27.224.251,172.27.224.250,53885,502,PA,6
841,172.27.224.251,172.27.224.250,53885,502,PA,6
842,172.27.224.251,172.27.224.250,53885,502,PA,6
843,172.27.224.251,172.27.224.250,53885,502,PA,6
844,172.27.224.251,172.27.224.250,53885,502,PA,6
845,172.27.224.251,172.27.224.250,53885,502,PA,6
846,172.27.224.251,172.27.224.250,53885,502,PA,6
847,172.27.224.251,172.27.224.250,53885,502,PA,6
848,172.27.224.251,172.27.224.250,53885,502,PA,6
849,172.27.224.250,172.27.224.251,502,53885,A,6
850,172.27.224.250,172.27.224.251,502,53885,A,6
851,172.27.224.250,172.27.224.251,502,53885,PA,6
852,172.27.224.251,172.27.224.250,53885,502,A,6
854,172.27.224.251,172.27.224.250,53885,502,FA,6
855,172.27.224.250,172.27.224.251,502,53885,A,6
856,172.27.224.250,172.27.224.251,502,53885,FA,6
857,172.27.224.251,172.27.224.250,53885,502,A,6
858,172.27.224.250,172.27.224.251,502,53885,RA,6
859,172.27.224.250,172.27.224.251,502,53885,R,6
860,0.0.0.0,255.255.255.255,68,67,None,17
863,172.27.224.251,172.27.224.250,53886,502,S,6
864,172.27.224.250,172.27.224.251,502,53886,SA,6
865,172.27.224.251,172.27.224.250,53886,502,A,6
866,172.27.224.251,172.27.224.250,53886,502,PA,6
867,172.27.224.251,172.27.224.250,53886,502,PA,6
868,172.27.224.251,172.27.224.250,53886,502,PA,6
869,172.27.224.251,172.27.224.250,53886,502,PA,6
870,172.27.224.251,172.27.224.250,53886,502,PA,6
871,172.27.224.251,172.27.224.250,53886,502,PA,6
872,172.27.224.251,172.27.224.250,53886,502,PA,6
873,172.27.224.251,172.27.224.250,53886,502,PA,6
874,172.27.224.251,172.27.224.250,53886,502,PA,6
875,172.27.224.251,172.27.224.250,53886,502,PA,6
876,172.27.224.251,172.27.224.250,53886,502,PA,6
877,172.27.224.251,172.27.224.250,53886,502,PA,6
878,172.27.224.250,172.27.224.251,502,53886,A,6
879,172.27.224.250,172.27.224.251,502,53886,A,6
880,172.27.224.250,172.27.224.251,502,53886,PA,6
881,172.27.224.251,172.27.224.250,53886,502,A,6
883,172.27.224.251,172.27.224.250,53886,502,FA,6
884,172.27.224.250,172.27.224.251,502,53886,A,6
885,172.27.224.250,172.27.224.251,502,53886,FA,6
886,172.27.224.251,172.27.224.250,53886,502,A,6
887,172.27.224.250,172.27.224.251,502,53886,RA,6
888,172.27.224.250,172.27.224.251,502,53886,R,6
892,172.27.224.251,172.27.224.250,53887,502,S,6
893,172.27.224.250,172.27.224.251,502,53887,SA,6
894,172.27.224.251,172.27.224.250,53887,502,A,6
895,172.27.224.251,172.27.224.250,53887,502,PA,6
896,172.27.224.251,172.27.224.250,53887,502,PA,6
897,172.27.224.251,172.27.224.250,53887,502,PA,6
898,172.27.224.251,172.27.224.250,53887,502,PA,6
899,172.27.224.251,172.27.224.250,53887,502,PA,6
900,172.27.224.251,172.27.224.250,53887,502,PA,6
901,172.27.224.251,172.27.224.250,53887,502,PA,6
902,172.27.224.251,172.27.224.250,53887,502,PA,6
903,172.27.224.251,172.27.224.250,53887,502,PA,6
904,172.27.224.251,172.27.224.250,53887,502,PA,6
905,172.27.224.251,172.27.224.250,53887,502,PA,6
906,172.27.224.251,172.27.224.250,53887,502,PA,6
907,172.27.224.250,172.27.224.251,502,53887,A,6
908,172.27.224.250,172.27.224.251,502,53887,A,6
909,172.27.224.250,172.27.224.251,502,53887,PA,6
910,172.27.224.251,172.27.224.250,53887,502,A,6
911,172.27.224.251,172.27.224.250,53887,502,FA,6
912,172.27.224.250,172.27.224.251,502,53887,A,6
913,172.27.224.250,172.27.224.251,502,53887,FA,6
914,172.27.224.251,172.27.224.250,53887,502,A,6
915,172.27.224.250,172.27.224.251,502,53887,RA,6
916,172.27.224.250,172.27.224.251,502,53887,R,6
920,172.27.224.251,172.27.224.250,53888,502,S,6
921,172.27.224.250,172.27.224.251,502,53888,SA,6
922,172.27.224.251,172.27.224.250,53888,502,A,6
923,172.27.224.251,172.27.224.250,53888,502,PA,6
924,172.27.224.251,172.27.224.250,53888,502,PA,6
925,172.27.224.251,172.27.224.250,53888,502,PA,6
926,172.27.224.251,172.27.224.250,53888,502,PA,6
927,172.27.224.251,172.27.224.250,53888,502,PA,6
928,172.27.224.251,172.27.224.250,53888,502,PA,6
929,172.27.224.251,172.27.224.250,53888,502,PA,6
930,172.27.224.251,172.27.224.250,53888,502,PA,6
931,172.27.224.251,172.27.224.250,53888,502,PA,6
932,172.27.224.251,172.27.224.250,53888,502,PA,6
933,172.27.224.251,172.27.224.250,53888,502,PA,6
934,172.27.224.251,172.27.224.250,53888,502,PA,6
935,172.27.224.250,172.27.224.251,502,53888,A,6
936,172.27.224.250,172.27.224.251,502,53888,A,6
937,172.27.224.250,172.27.224.251,502,53888,PA,6
938,172.27.224.251,172.27.224.250,53888,502,A,6
940,0.0.0.0,255.255.255.255,68,67,None,17
941,172.27.224.251,172.27.224.250,53888,502,FA,6
942,172.27.224.250,172.27.224.251,502,53888,A,6
943,172.27.224.250,172.27.224.251,502,53888,FA,6
944,172.27.224.251,172.27.224.250,53888,502,A,6
945,172.27.224.250,172.27.224.251,502,53888,RA,6
946,172.27.224.250,172.27.224.251,502,53888,R,6
950,172.27.224.251,172.27.224.250,53889,502,S,6
951,172.27.224.250,172.27.224.251,502,53889,SA,6
952,172.27.224.251,172.27.224.250,53889,502,A,6
953,172.27.224.251,172.27.224.250,53889,502,PA,6
954,172.27.224.251,172.27.224.250,53889,502,PA,6
955,172.27.224.251,172.27.224.250,53889,502,PA,6
956,172.27.224.251,172.27.224.250,53889,502,PA,6
957,172.27.224.251,172.27.224.250,53889,502,PA,6
958,172.27.224.251,172.27.224.250,53889,502,PA,6
959,172.27.224.251,172.27.224.250,53889,502,PA,6
960,172.27.224.251,172.27.224.250,53889,502,PA,6
961,172.27.224.251,172.27.224.250,53889,502,PA,6
962,172.27.224.251,172.27.224.250,53889,502,PA,6
963,172.27.224.251,172.27.224.250,53889,502,PA,6
964,172.27.224.251,172.27.224.250,53889,502,PA,6
965,172.27.224.250,172.27.224.251,502,53889,A,6
966,172.27.224.250,172.27.224.251,502,53889,A,6
967,172.27.224.250,172.27.224.251,502,53889,PA,6
968,172.27.224.251,172.27.224.250,53889,502,A,6
969,172.27.224.251,172.27.224.250,53889,502,FA,6
970,172.27.224.250,172.27.224.251,502,53889,A,6
971,172.27.224.250,172.27.224.251,502,53889,FA,6
972,172.27.224.251,172.27.224.250,53889,502,A,6
973,172.27.224.250,172.27.224.251,502,53889,RA,6
974,172.27.224.250,172.27.224.251,502,53889,R,6
978,172.27.224.251,172.27.224.250,53890,502,S,6
979,172.27.224.250,172.27.224.251,502,53890,SA,6
980,172.27.224.251,172.27.224.250,53890,502,A,6
981,172.27.224.251,172.27.224.250,53890,502,PA,6
982,172.27.224.251,172.27.224.250,53890,502,PA,6
983,172.27.224.251,172.27.224.250,53890,502,PA,6
984,172.27.224.251,172.27.224.250,53890,502,PA,6
985,172.27.224.251,172.27.224.250,53890,502,PA,6
986,172.27.224.251,172.27.224.250,53890,502,PA,6
987,172.27.224.251,172.27.224.250,53890,502,PA,6
988,172.27.224.251,172.27.224.250,53890,502,PA,6
989,172.27.224.251,172.27.224.250,53890,502,PA,6
990,172.27.224.251,172.27.224.250,53890,502,PA,6
991,172.27.224.251,172.27.224.250,53890,502,PA,6
992,172.27.224.251,172.27.224.250,53890,502,PA,6
993,172.27.224.250,172.27.224.251,502,53890,A,6
994,172.27.224.250,172.27.224.251,502,53890,A,6
995,172.27.224.250,172.27.224.251,502,53890,PA,6
996,172.27.224.251,172.27.224.250,53890,502,A,6
998,172.27.224.251,172.27.224.250,53890,502,FA,6
999,172.27.224.250,172.27.224.251,502,53890,A,6
